wavelength (nm),c_extinction,c_scattering,kappa,g,P_max,Thetmax
,,,,,,
200.0,19.663,19.663,8.2421e+16,0.82912,0.95667,151.0
255.0,19.842,19.842,8.3169e+16,0.83085,0.80942,147.0
300.0,19.917,19.917,8.3484e+16,0.83556,0.77502,147.0
336.0,20.135,20.135,8.44e+16,0.83723,0.70809,146.0
400.0,20.233,20.233,8.4808e+16,0.83137,0.72751,145.0
500.0,20.628,20.628,8.6464e+16,0.82104,0.66912,144.0
588.0,20.698,20.698,8.676e+16,0.81325,0.56501,145.0
600.0,20.893,20.893,8.7577e+16,0.81415,0.71406,148.0
631.0,20.811,20.811,8.7234e+16,0.80881,0.67797,147.0
673.0,20.916,20.916,8.7674e+16,0.80547,0.62121,146.0
700.0,21.153,21.153,8.8666e+16,0.78873,0.65657,150.0
763.0,21.407,21.407,8.9729e+16,0.79542,0.45684,150.0
800.0,21.334,21.334,8.9423e+16,0.79506,0.52819,150.0
835.0,21.305,21.305,8.9301e+16,0.79145,0.58256,152.0
900.0,21.976,21.975,9.2113e+16,0.77723,0.65519,149.0
953.0,22.169,22.169,9.2924e+16,0.78556,0.61106,156.0
1000.0,22.649,22.648,9.4936e+16,0.78627,0.62133,147.0
1100.0,23.752,23.751,9.956e+16,0.79535,0.63043,145.0
1200.0,24.998,24.995,1.0478e+17,0.80646,0.66142,159.0
1300.0,26.201,26.196,1.0983e+17,0.81614,0.65461,157.0
1400.0,27.719,27.713,1.1619e+17,0.83076,0.65393,154.0
1500.0,28.411,28.24,1.1909e+17,0.84243,0.71015,153.0
1600.0,28.998,28.916,1.2155e+17,0.84684,0.69605,154.0
1700.0,29.667,29.618,1.2435e+17,0.85592,0.66833,153.0
1800.0,29.364,29.33,1.2308e+17,0.86237,0.66999,151.0
1900.0,28.949,28.856,1.2134e+17,0.86661,0.67562,150.0
2000.0,28.194,27.818,1.1818e+17,0.87138,0.6609,149.0
2100.0,27.231,27.05,1.1414e+17,0.87322,0.65872,148.0
2200.0,25.861,25.808,1.084e+17,0.8757,0.66325,146.0
2300.0,24.068,24.011,1.0088e+17,0.87858,0.67051,144.0
2400.0,21.867,21.76,9.1658e+16,0.88152,0.68152,141.0
2500.0,19.123,18.987,8.0154e+16,0.88479,0.70047,138.0
2600.0,15.421,15.261,6.464e+16,0.88931,0.73286,131.0
2700.0,10.163,9.4568,4.2598e+16,0.89693,0.79922,117.0
2800.0,5.2853,2.3743,2.2154e+16,0.9051,0.92914,98.0
2900.0,11.334,3.3428,4.7507e+16,0.88519,0.92459,87.0
3000.0,18.152,7.2456,7.6086e+16,0.8455,0.83993,81.0
3100.0,22.79,10.238,9.5529e+16,0.81934,0.60247,80.0
3200.0,25.583,12.773,1.0724e+17,0.80847,0.16063,89.0
3300.0,28.414,18.74,1.191e+17,0.77305,0.0004648,11.0
3400.0,29.499,24.475,1.2365e+17,0.75966,0.0,0.0
3500.0,28.341,26.077,1.188e+17,0.76488,0.0,0.0
3600.0,26.369,25.13,1.1053e+17,0.77311,0.04877,115.0
3700.0,24.35,23.408,1.0207e+17,0.77937,0.11903,116.0
3800.0,22.534,21.682,9.4455e+16,0.78301,0.17304,116.0
3900.0,20.922,19.977,8.7696e+16,0.78507,0.22149,116.0
4000.0,19.532,18.435,8.1871e+16,0.78581,0.26177,115.0
4100.0,18.291,17.074,7.667e+16,0.78535,0.29711,114.0
4200.0,17.183,15.776,7.2024e+16,0.78447,0.33045,114.0
4300.0,16.196,14.48,6.7888e+16,0.78356,0.36397,113.0
4400.0,15.533,13.346,6.5108e+16,0.7821,0.39049,112.0
4500.0,15.236,12.668,6.3864e+16,0.7788,0.40046,112.0
4600.0,15.071,12.715,6.3171e+16,0.77216,0.38725,111.0
4700.0,14.325,12.646,6.0043e+16,0.7654,0.38749,110.0
4800.0,13.499,12.16,5.6582e+16,0.76053,0.40225,109.0
4900.0,12.653,11.517,5.3035e+16,0.75638,0.42354,109.0
5000.0,11.847,10.814,4.9656e+16,0.75256,0.44818,108.0
5100.0,11.112,10.083,4.6578e+16,0.74899,0.47521,107.0
5200.0,10.437,9.3784,4.3747e+16,0.74536,0.503,107.0
5300.0,9.8119,8.6711,4.1128e+16,0.74181,0.53314,106.0
5400.0,9.2648,7.9601,3.8835e+16,0.7384,0.56556,105.0
5500.0,8.8005,7.2817,3.6888e+16,0.73493,0.59859,105.0
5600.0,8.4432,6.6362,3.5391e+16,0.73141,0.63172,104.0
5700.0,8.2118,6.0117,3.4421e+16,0.72789,0.66512,103.0
5800.0,8.2278,5.4791,3.4488e+16,0.72418,0.69371,103.0
5900.0,8.598,5.2177,3.604e+16,0.71965,0.70569,102.0
6000.0,8.8666,5.2139,3.7165e+16,0.71397,0.70404,102.0
6100.0,9.1006,5.2764,3.8146e+16,0.70802,0.69914,101.0
6200.0,9.1318,5.3722,3.8277e+16,0.70178,0.69388,101.0
6300.0,8.9932,5.4336,3.7696e+16,0.69548,0.69181,101.0
6400.0,8.6805,5.3913,3.6385e+16,0.6893,0.697,101.0
6500.0,8.268,5.2291,3.4656e+16,0.68335,0.71004,101.0
6600.0,7.9683,5.0004,3.34e+16,0.67772,0.72672,101.0
6700.0,7.8087,4.816,3.2731e+16,0.6721,0.74021,100.0
6800.0,7.659,4.6869,3.2103e+16,0.66632,0.75042,100.0
6900.0,7.4626,4.5749,3.128e+16,0.66041,0.75979,100.0
7000.0,7.2389,4.4476,3.0343e+16,0.65449,0.77017,100.0
7100.0,7.0372,4.3085,2.9497e+16,0.64859,0.78116,100.0
7200.0,6.8348,4.1818,2.8649e+16,0.64264,0.79132,100.0
7300.0,6.6144,4.0528,2.7725e+16,0.63664,0.80156,100.0
7400.0,6.3845,3.9081,2.6761e+16,0.63062,0.81262,100.0
7500.0,6.1943,3.7639,2.5964e+16,0.62461,0.82339,100.0
7600.0,6.0378,3.6363,2.5308e+16,0.61858,0.83303,99.0
7700.0,5.8849,3.5284,2.4667e+16,0.61253,0.84135,99.0
7800.0,5.69,3.4341,2.385e+16,0.6064,0.84882,99.0
7900.0,5.4615,3.3356,2.2892e+16,0.6002,0.85641,99.0
8000.0,5.2024,3.222,2.1807e+16,0.59391,0.86469,99.0
8100.0,4.9124,3.0895,2.0591e+16,0.58751,0.87381,99.0
8200.0,4.6142,2.9326,1.9341e+16,0.58098,0.88393,99.0
8300.0,4.3467,2.7594,1.822e+16,0.57438,0.89449,99.0
8400.0,4.1682,2.5856,1.7471e+16,0.5678,0.9048,98.0
8500.0,4.0259,2.4287,1.6875e+16,0.5612,0.91379,98.0
8600.0,3.8822,2.2928,1.6273e+16,0.55458,0.92137,98.0
8700.0,3.7482,2.1633,1.5711e+16,0.5479,0.92829,98.0
8800.0,3.6252,2.0381,1.5195e+16,0.54117,0.93491,97.0
8900.0,3.5138,1.9187,1.4729e+16,0.5344,0.94095,97.0
9000.0,3.4133,1.806,1.4307e+16,0.52761,0.94638,97.0
9100.0,3.319,1.6994,1.3912e+16,0.52079,0.95126,97.0
9200.0,3.218,1.5963,1.3489e+16,0.51391,0.95594,96.0
9300.0,3.1089,1.4949,1.3031e+16,0.50696,0.96034,96.0
9400.0,2.9998,1.3966,1.2574e+16,0.49997,0.96436,96.0
9500.0,2.8869,1.2958,1.2101e+16,0.49286,0.96818,96.0
9600.0,2.7633,1.1871,1.1583e+16,0.48552,0.97219,95.0
9700.0,2.6415,1.0771,1.1072e+16,0.47804,0.97597,95.0
9800.0,2.531,0.96876,1.0609e+16,0.47045,0.97934,95.0
9900.0,2.4439,0.85734,1.0244e+16,0.46264,0.98261,94.0
10000.0,2.4001,0.74431,1.006e+16,0.45459,0.98564,94.0
10100.0,2.4183,0.63893,1.0137e+16,0.44645,0.988,93.0
10200.0,2.5097,0.54595,1.0519e+16,0.43828,0.99008,93.0
10300.0,2.6473,0.46382,1.1097e+16,0.42997,0.9915,93.0
10400.0,2.8606,0.39875,1.199e+16,0.42162,0.99259,92.0
10500.0,3.1993,0.35797,1.341e+16,0.41324,0.99294,92.0
10600.0,3.6816,0.35421,1.5432e+16,0.40514,0.99266,91.0
10700.0,4.2918,0.39268,1.799e+16,0.3976,0.99158,91.0
10800.0,4.9854,0.47047,2.0897e+16,0.39084,0.98972,90.0
10900.0,5.7287,0.58028,2.4012e+16,0.3848,0.98741,90.0
11000.0,6.4575,0.70922,2.7067e+16,0.37947,0.98456,90.0
11100.0,7.1337,0.84635,2.9902e+16,0.37477,0.9814,90.0
11200.0,7.7131,0.97837,3.233e+16,0.37062,0.97821,90.0
11300.0,8.2186,1.1056,3.4449e+16,0.36682,0.975,90.0
11400.0,8.6492,1.2233,3.6254e+16,0.36318,0.97195,90.0
11500.0,9.0192,1.3339,3.7805e+16,0.35977,0.96897,90.0
11600.0,9.3355,1.4375,3.9131e+16,0.35653,0.96608,90.0
11700.0,9.6114,1.5364,4.0287e+16,0.35345,0.96343,91.0
11800.0,9.8636,1.6335,4.1345e+16,0.35045,0.96081,91.0
11900.0,10.08,1.7256,4.225e+16,0.34759,0.95827,91.0
12000.0,10.247,1.8103,4.2951e+16,0.34498,0.95587,91.0
12100.0,10.366,1.8872,4.3451e+16,0.34259,0.95371,92.0
12200.0,10.448,1.9583,4.3795e+16,0.3404,0.95187,92.0
12300.0,10.501,2.0242,4.4015e+16,0.33834,0.95013,92.0
12400.0,10.518,2.0835,4.4089e+16,0.33643,0.94855,92.0
12500.0,10.495,2.1338,4.3991e+16,0.33469,0.94746,93.0
12600.0,10.441,2.1775,4.3764e+16,0.33306,0.94658,93.0
12700.0,10.36,2.2161,4.3426e+16,0.33156,0.94581,93.0
12800.0,10.259,2.2501,4.3003e+16,0.33014,0.94531,94.0
12900.0,10.138,2.2789,4.2493e+16,0.32878,0.94507,94.0
13000.0,10.0,2.3027,4.1918e+16,0.32743,0.94493,94.0
13100.0,9.8403,2.3193,4.1247e+16,0.32609,0.94497,94.0
13200.0,9.6464,2.3261,4.0434e+16,0.3248,0.94556,95.0
13300.0,9.4294,2.3253,3.9524e+16,0.32348,0.94634,95.0
13400.0,9.2001,2.3191,3.8563e+16,0.3221,0.94723,95.0
13500.0,8.9824,2.3107,3.7651e+16,0.32054,0.94812,95.0
13600.0,8.761,2.2995,3.6723e+16,0.31892,0.94912,96.0
13700.0,8.5356,2.2866,3.5778e+16,0.31728,0.95023,96.0
13800.0,8.3018,2.2721,3.4798e+16,0.31564,0.95133,96.0
13900.0,8.0587,2.2542,3.3779e+16,0.31395,0.95248,96.0
14000.0,7.8007,2.232,3.2698e+16,0.31222,0.95371,96.0
14100.0,7.5323,2.2044,3.1573e+16,0.31036,0.95504,96.0
14200.0,7.2544,2.1711,3.0408e+16,0.30835,0.95649,96.0
14300.0,6.9682,2.1298,2.9208e+16,0.3061,0.95813,96.0
14400.0,6.6828,2.0851,2.8012e+16,0.30368,0.95982,96.0
14500.0,6.4005,2.0384,2.6828e+16,0.30112,0.9615,96.0
14600.0,6.1291,1.9917,2.5691e+16,0.29845,0.96313,96.0
14700.0,5.8688,1.943,2.46e+16,0.29561,0.96477,96.0
14800.0,5.6237,1.8902,2.3572e+16,0.29254,0.96648,96.0
14900.0,5.3946,1.8352,2.2612e+16,0.2893,0.9682,96.0
15000.0,5.1798,1.7795,2.1712e+16,0.28594,0.9699,96.0
15100.0,4.9777,1.7252,2.0865e+16,0.28256,0.9715,96.0
15200.0,4.7889,1.6727,2.0073e+16,0.27916,0.973,96.0
15300.0,4.6137,1.6215,1.9339e+16,0.27574,0.97442,96.0
15400.0,4.4536,1.5715,1.8668e+16,0.2723,0.97576,96.0
15500.0,4.3062,1.5234,1.805e+16,0.26889,0.97701,96.0
15600.0,4.1712,1.4773,1.7484e+16,0.2655,0.97817,96.0
15700.0,4.0485,1.4342,1.697e+16,0.26219,0.97925,95.0
15800.0,3.9345,1.3931,1.6492e+16,0.25892,0.98034,95.0
15900.0,3.8288,1.3538,1.6049e+16,0.25571,0.98134,95.0
16000.0,3.7255,1.3151,1.5616e+16,0.25251,0.9823,95.0
16100.000000000002,3.6301,1.2783,1.5216e+16,0.24938,0.98318,95.0
16200.0,3.5432,1.2436,1.4852e+16,0.24631,0.98399,95.0
16300.0,3.4734,1.2117,1.4559e+16,0.24333,0.98472,95.0
16400.0,3.4101,1.1825,1.4294e+16,0.24044,0.98536,95.0
16500.0,3.3506,1.1556,1.4044e+16,0.23766,0.98594,95.0
16600.0,3.2897,1.1318,1.3789e+16,0.235,0.98643,95.0
16700.0,3.2242,1.1098,1.3515e+16,0.23242,0.98688,95.0
16800.0,3.1553,1.0888,1.3226e+16,0.22991,0.9873,95.0
16900.0,3.0803,1.0687,1.2911e+16,0.22745,0.98768,95.0
17000.0,2.9993,1.0483,1.2572e+16,0.225,0.98812,94.0
17100.0,2.9148,1.0275,1.2218e+16,0.22256,0.98856,94.0
17200.0,2.8267,1.0057,1.1848e+16,0.22009,0.98901,94.0
17300.0,2.7368,0.98202,1.1471e+16,0.21755,0.98949,94.0
17400.0,2.6473,0.95811,1.1096e+16,0.21502,0.98996,94.0
17500.0,2.5584,0.934,1.0724e+16,0.21249,0.99041,94.0
17600.0,2.4736,0.91066,1.0368e+16,0.21,0.99084,94.0
17700.0,2.3918,0.88785,1.0026e+16,0.20753,0.99124,94.0
17800.0,2.3129,0.86554,9694600000000000.0,0.2051,0.99162,94.0
17900.0,2.235,0.84411,9368200000000000.0,0.2027,0.99198,94.0
18000.0,2.1607,0.82329,9057000000000000.0,0.20035,0.99231,94.0
18100.0,2.0919,0.80272,8768600000000000.0,0.19801,0.99263,94.0
18200.0,2.0296,0.78226,8507500000000000.0,0.1957,0.99293,94.0
18300.0,1.9798,0.76117,8298700000000000.0,0.19337,0.99324,94.0
18400.0,1.9345,0.74046,8108800000000000.0,0.19107,0.99352,94.0
18500.0,1.8937,0.72012,7937500000000000.0,0.1888,0.99384,93.0
18600.0,1.8503,0.70013,7755700000000000.0,0.18656,0.99417,93.0
18700.0,1.8082,0.68105,7579500000000000.0,0.18437,0.99448,93.0
18800.0,1.7719,0.66299,7427100000000000.0,0.18224,0.99475,93.0
18900.0,1.742,0.64591,7301700000000000.0,0.18016,0.99501,93.0
19000.0,1.7332,0.63038,7264900000000000.0,0.17817,0.99523,93.0
19100.0,1.7262,0.6162,7235600000000000.0,0.17626,0.99543,93.0
19200.0,1.7209,0.6033,7213500000000000.0,0.17441,0.99561,93.0
19300.0,1.7132,0.59206,7181200000000000.0,0.17265,0.99576,93.0
19400.0,1.6962,0.58229,7109900000000000.0,0.17097,0.99588,93.0
19500.0,1.6739,0.57311,7016500000000000.0,0.16933,0.996,93.0
19600.0,1.6464,0.56451,6901300000000000.0,0.16772,0.9961,93.0
19700.0,1.6109,0.55611,6752200000000000.0,0.16614,0.9962,93.0
19800.0,1.5694,0.54743,6578400000000000.0,0.16455,0.9963,93.0
19900.0,1.5235,0.53853,6386100000000000.0,0.16297,0.9964,93.0
20000.0,1.4733,0.52943,6175700000000000.0,0.16138,0.9965,93.0
20100.0,1.418,0.51951,5943900000000000.0,0.15977,0.99661,93.0
20200.0,1.3622,0.50917,5709700000000000.0,0.15815,0.99671,93.0
20300.0,1.306,0.4985,5474400000000000.0,0.15652,0.99681,93.0
20400.0,1.2498,0.48749,5238600000000000.0,0.15488,0.99692,93.0
20500.0,1.1975,0.476,5019400000000000.0,0.15323,0.99702,93.0
20600.0,1.1482,0.46448,4812800000000000.0,0.15159,0.99712,93.0
20700.0,1.1019,0.45295,4618600000000000.0,0.14996,0.99721,93.0
20800.0,1.0589,0.44143,4438500000000000.0,0.14835,0.99733,92.0
20900.0,1.0222,0.43024,4284600000000000.0,0.14677,0.99746,92.0
21000.0,0.98796,0.41928,4141100000000000.0,0.1452,0.99759,92.0
21100.0,0.95615,0.40854,4007800000000000.0,0.14367,0.99771,92.0
21200.0,0.92655,0.39805,3883700000000000.0,0.14215,0.99782,92.0
21300.0,0.89701,0.3879,3759900000000000.0,0.14066,0.99793,92.0
21400.0,0.86862,0.37803,3640900000000000.0,0.13919,0.99803,92.0
21500.0,0.84136,0.36842,3526600000000000.0,0.13775,0.99812,92.0
21600.0,0.81518,0.35907,3416900000000000.0,0.13633,0.99821,92.0
21700.0,0.78925,0.35003,3308200000000000.0,0.13493,0.99829,92.0
21800.0,0.76455,0.34121,3204700000000000.0,0.13355,0.99836,92.0
21900.0,0.74108,0.3326,3106300000000000.0,0.13219,0.99844,92.0
22000.0,0.71881,0.32421,3013000000000000.0,0.13086,0.9985,92.0
22100.0,0.69816,0.31594,2926400000000000.0,0.12954,0.99857,92.0
22200.0,0.67909,0.30786,2846500000000000.0,0.12824,0.99863,92.0
22300.0,0.66153,0.29998,2772900000000000.0,0.12695,0.99868,92.0
22400.0,0.64546,0.29228,2705500000000000.0,0.12569,0.99873,92.0
22500.0,0.63135,0.28476,2646400000000000.0,0.12445,0.99878,92.0
22600.0,0.6188,0.27746,2593800000000000.0,0.12322,0.99882,92.0
22700.0,0.60741,0.27037,2546000000000000.0,0.12202,0.99887,92.0
22800.0,0.59716,0.26349,2503100000000000.0,0.12083,0.9989,92.0
22900.0,0.58793,0.25683,2464400000000000.0,0.11966,0.99894,92.0
23000.0,0.57924,0.25042,2427900000000000.0,0.11852,0.99897,92.0
23100.0,0.57118,0.24422,2394200000000000.0,0.11739,0.999,92.0
23200.0,0.56375,0.23822,2363000000000000.0,0.11628,0.99902,92.0
23300.0,0.55693,0.2324,2334400000000000.0,0.11519,0.99905,92.0
23400.0,0.55048,0.22676,2307400000000000.0,0.11412,0.99907,92.0
23500.0,0.54442,0.22128,2282000000000000.0,0.11306,0.99909,92.0
23600.0,0.53874,0.21596,2258200000000000.0,0.11202,0.99911,92.0
23700.0,0.53345,0.2108,2236000000000000.0,0.11099,0.99912,92.0
23800.0,0.52854,0.2058,2215400000000000.0,0.10998,0.99914,92.0
23900.0,0.52393,0.20094,2196100000000000.0,0.10898,0.99916,91.0
24000.0,0.51956,0.19622,2177800000000000.0,0.108,0.9992,91.0
24100.0,0.51543,0.19162,2160500000000000.0,0.10703,0.99923,91.0
24200.0,0.51153,0.18714,2144100000000000.0,0.10607,0.99927,91.0
24300.0,0.50752,0.18278,2127300000000000.0,0.10513,0.9993,91.0
24400.0,0.50372,0.17852,2111400000000000.0,0.1042,0.99933,91.0
24500.0,0.50021,0.17436,2096700000000000.0,0.10328,0.99936,91.0
24600.0,0.49699,0.17031,2083200000000000.0,0.10237,0.99939,91.0
24700.0,0.49411,0.16636,2071100000000000.0,0.10147,0.99941,91.0
24800.0,0.49193,0.16249,2062000000000000.0,0.10059,0.99944,91.0
24900.0,0.49007,0.15872,2054200000000000.0,0.099712,0.99946,91.0
25000.0,0.48854,0.15504,2047800000000000.0,0.098849,0.99948,91.0
25100.0,0.48734,0.15146,2042700000000000.0,0.097997,0.99951,91.0
25200.0,0.48642,0.14796,2038900000000000.0,0.097156,0.99953,91.0
25300.0,0.48569,0.14456,2035800000000000.0,0.096326,0.99954,91.0
25400.0,0.4852,0.14125,2033800000000000.0,0.095506,0.99956,91.0
25500.0,0.48496,0.13802,2032800000000000.0,0.094697,0.99958,91.0
25600.0,0.48496,0.13487,2032800000000000.0,0.093898,0.9996,91.0
25700.0,0.48505,0.1318,2033200000000000.0,0.093109,0.99961,91.0
25800.0,0.48532,0.12881,2034300000000000.0,0.09233,0.99963,91.0
25900.0,0.48592,0.1259,2036800000000000.0,0.091561,0.99964,91.0
26000.0,0.48684,0.12307,2040700000000000.0,0.090801,0.99965,91.0
26100.0,0.48809,0.1203,2045900000000000.0,0.090052,0.99967,91.0
26200.0,0.48999,0.11761,2053900000000000.0,0.089311,0.99968,91.0
26300.0,0.49245,0.115,2064100000000000.0,0.08858,0.99969,91.0
26400.0,0.49515,0.11245,2075500000000000.0,0.087858,0.9997,91.0
26500.0,0.49812,0.10996,2087900000000000.0,0.087145,0.99971,91.0
26600.0,0.50133,0.10754,2101400000000000.0,0.086441,0.99972,91.0
26700.0,0.50461,0.10518,2115100000000000.0,0.085745,0.99973,91.0
26800.0,0.50785,0.10287,2128700000000000.0,0.085057,0.99973,91.0
26900.0,0.51122,0.10063,2142800000000000.0,0.084377,0.99974,91.0
27000.0,0.5147,0.098434,2157400000000000.0,0.083705,0.99975,91.0
27100.0,0.51829,0.096295,2172500000000000.0,0.083041,0.99976,91.0
27200.0,0.52199,0.094209,2188000000000000.0,0.082384,0.99976,91.0
27300.0,0.52581,0.092175,2204000000000000.0,0.081735,0.99977,91.0
27400.0,0.52974,0.09019,2220500000000000.0,0.081094,0.99977,91.0
27500.0,0.53378,0.088253,2237400000000000.0,0.08046,0.99978,91.0
27600.0,0.53793,0.086365,2254800000000000.0,0.079833,0.99978,91.0
27700.0,0.5422,0.084523,2272700000000000.0,0.079214,0.99979,91.0
27800.0,0.54661,0.08273,2291200000000000.0,0.078602,0.99979,91.0
27900.0,0.55112,0.080978,2310100000000000.0,0.077996,0.99979,91.0
28000.0,0.5557,0.079267,2329300000000000.0,0.077397,0.9998,91.0
28100.0,0.56036,0.077595,2348800000000000.0,0.076805,0.9998,91.0
28200.0,0.5651,0.075961,2368700000000000.0,0.076219,0.9998,91.0
28300.0,0.56991,0.074363,2388900000000000.0,0.07564,0.9998,91.0
28400.0,0.57476,0.072798,2409200000000000.0,0.075066,0.99981,91.0
28500.0,0.57964,0.071265,2429600000000000.0,0.074498,0.99981,91.0
28600.0,0.58456,0.069765,2450200000000000.0,0.073936,0.99981,91.0
28700.0,0.5895,0.068295,2471000000000000.0,0.073379,0.99981,91.0
28800.0,0.59442,0.066852,2491600000000000.0,0.072828,0.99981,91.0
28900.0,0.59927,0.065433,2511900000000000.0,0.072282,0.99981,91.0
29000.0,0.60418,0.064045,2532500000000000.0,0.071742,0.99982,91.0
29100.0,0.60914,0.062688,2553300000000000.0,0.071207,0.99982,91.0
29200.0,0.61416,0.061362,2574300000000000.0,0.070678,0.99982,91.0
29300.0,0.61922,0.060065,2595500000000000.0,0.070154,0.99982,91.0
29400.0,0.62443,0.058803,2617400000000000.0,0.069636,0.99982,91.0
29500.0,0.62974,0.057574,2639600000000000.0,0.069124,0.99982,91.0
29600.0,0.63514,0.056375,2662300000000000.0,0.068617,0.99982,91.0
29700.0,0.64063,0.055205,2685300000000000.0,0.068116,0.99982,91.0
29800.0,0.6462,0.054064,2708600000000000.0,0.06762,0.99982,91.0
29900.0,0.65185,0.05295,2732300000000000.0,0.067129,0.99981,91.0
30000.0,0.65758,0.051866,2756300000000000.0,0.066644,0.99981,91.0
30100.0,0.6634,0.050807,2780700000000000.0,0.066164,0.99981,91.0
30200.0,0.6693,0.049772,2805500000000000.0,0.065688,0.99981,91.0
30300.0,0.6753,0.048761,2830600000000000.0,0.065218,0.99981,91.0
30400.0,0.68139,0.047774,2856100000000000.0,0.064752,0.99981,91.0
30500.0,0.6875,0.046819,2881700000000000.0,0.064292,0.99981,91.0
30600.0,0.69365,0.045893,2907500000000000.0,0.063837,0.99981,91.0
30700.0,0.69997,0.044979,2934000000000000.0,0.063386,0.9998,91.0
30800.0,0.70643,0.044075,2961100000000000.0,0.062938,0.9998,91.0
30900.0,0.71306,0.043181,2988900000000000.0,0.062493,0.9998,91.0
31000.0,0.71984,0.042299,3017300000000000.0,0.062052,0.9998,91.0
31100.0,0.72696,0.041402,3047100000000000.0,0.06161,0.9998,91.0
31200.0,0.7344,0.040492,3078300000000000.0,0.061169,0.9998,91.0
31300.0,0.742,0.039597,3110200000000000.0,0.060732,0.99979,91.0
31400.0,0.74976,0.038717,3142700000000000.0,0.060298,0.99979,91.0
31500.0,0.75768,0.037852,3175900000000000.0,0.059867,0.99979,91.0
31600.0,0.76576,0.037003,3209800000000000.0,0.05944,0.99978,91.0
31700.0,0.7739,0.036181,3243900000000000.0,0.059017,0.99978,91.0
31800.0,0.78208,0.035392,3278200000000000.0,0.058601,0.99978,91.0
31900.0,0.79037,0.034624,3312900000000000.0,0.058188,0.99978,91.0
32000.0,0.79876,0.033877,3348100000000000.0,0.05778,0.99977,91.0
32100.0,0.80726,0.033151,3383700000000000.0,0.057375,0.99977,90.0
32200.000000000004,0.81586,0.032444,3419800000000000.0,0.056975,0.99978,90.0
32299.999999999996,0.82435,0.031758,3455400000000000.0,0.05658,0.99978,90.0
32400.0,0.83278,0.031092,3490700000000000.0,0.056188,0.99979,90.0
32500.0,0.84148,0.030444,3527200000000000.0,0.0558,0.9998,90.0
32600.0,0.85047,0.029812,3564900000000000.0,0.055416,0.9998,90.0
32700.000000000004,0.85974,0.029196,3603700000000000.0,0.055035,0.99981,90.0
32800.0,0.86928,0.028596,3643700000000000.0,0.054657,0.99981,90.0
32900.0,0.879,0.028012,3684400000000000.0,0.054283,0.99981,90.0
33000.0,0.88889,0.027442,3725900000000000.0,0.053912,0.99982,90.0
33100.0,0.89953,0.026886,3770500000000000.0,0.053543,0.99982,90.0
33200.0,0.9109,0.026344,3818100000000000.0,0.053177,0.99983,90.0
33300.0,0.92301,0.025817,3868900000000000.0,0.052814,0.99983,90.0
33400.0,0.93584,0.025303,3922700000000000.0,0.052453,0.99983,90.0
33500.0,0.94941,0.024804,3979500000000000.0,0.052095,0.99984,90.0
33600.0,0.96505,0.024303,4045100000000000.0,0.051734,0.99984,90.0
33700.0,0.98173,0.023822,4115000000000000.0,0.051377,0.99985,90.0
33800.0,0.99917,0.023363,4188200000000000.0,0.051022,0.99985,90.0
33900.0,1.0174,0.022926,4264500000000000.0,0.050671,0.99985,90.0
34000.0,1.0364,0.022512,4344100000000000.0,0.050323,0.99986,90.0
34100.0,1.0561,0.022121,4426800000000000.0,0.049978,0.99986,90.0
34200.0,1.0763,0.021758,4511400000000000.0,0.049638,0.99986,90.0
34300.0,1.0966,0.02143,4596400000000000.0,0.049303,0.99986,90.0
34400.0,1.1175,0.021128,4684100000000000.0,0.048973,0.99987,90.0
34500.0,1.139,0.020852,4774300000000000.0,0.048646,0.99987,90.0
34600.0,1.1611,0.020599,4867100000000000.0,0.048323,0.99987,90.0
34700.0,1.1839,0.020371,4962300000000000.0,0.048004,0.99987,90.0
34800.0,1.2072,0.020167,5060100000000000.0,0.047688,0.99987,90.0
34900.0,1.2326,0.019995,5166500000000000.0,0.047375,0.99988,90.0
35000.0,1.2585,0.019847,5275100000000000.0,0.047065,0.99988,90.0
35100.0,1.2845,0.019718,5384000000000000.0,0.046758,0.99988,90.0
35200.0,1.3106,0.019607,5493300000000000.0,0.046456,0.99988,90.0
35300.0,1.3367,0.019516,5603000000000000.0,0.046157,0.99988,90.0
35400.0,1.363,0.019441,5713000000000000.0,0.045861,0.99988,90.0
35500.0,1.3891,0.019384,5822500000000000.0,0.045569,0.99988,90.0
35600.0,1.4129,0.019329,5922200000000000.0,0.045284,0.99988,90.0
35700.0,1.4365,0.019285,6021200000000000.0,0.045001,0.99988,90.0
35800.0,1.46,0.019252,6119700000000000.0,0.044722,0.99988,90.0
35900.0,1.4833,0.019229,6217500000000000.0,0.044445,0.99988,90.0
36000.0,1.5065,0.019215,6314700000000000.0,0.044172,0.99988,90.0
36100.0,1.5295,0.019211,6411200000000000.0,0.043901,0.99988,90.0
36200.0,1.5525,0.019213,6507600000000000.0,0.043633,0.99988,90.0
36300.0,1.5759,0.019216,6605400000000000.0,0.043365,0.99988,90.0
36400.0,1.5994,0.019232,6704100000000000.0,0.0431,0.99989,90.0
36500.0,1.6231,0.019261,6803600000000000.0,0.042838,0.99989,90.0
36600.0,1.6471,0.019301,6903900000000000.0,0.042578,0.99988,90.0
36700.0,1.6712,0.019354,7005100000000000.0,0.042321,0.99988,90.0
36800.0,1.6956,0.019418,7107100000000000.0,0.042066,0.99988,90.0
36900.0,1.7202,0.019499,7210400000000000.0,0.041814,0.99988,90.0
37000.0,1.7454,0.019606,7316200000000000.0,0.041567,0.99988,90.0
37100.0,1.771,0.019724,7423200000000000.0,0.041322,0.99988,90.0
37200.0,1.7967,0.019855,7531200000000000.0,0.041079,0.99988,90.0
37300.0,1.8228,0.019996,7640300000000000.0,0.040838,0.99988,90.0
37400.0,1.8491,0.020149,7750500000000000.0,0.0406,0.99988,90.0
37500.0,1.8756,0.020313,7861800000000000.0,0.040364,0.99988,90.0
37600.0,1.9026,0.020489,7975000000000000.0,0.04013,0.99988,90.0
37700.0,1.931,0.020677,8093900000000000.0,0.039894,0.99988,90.0
37800.0,1.9591,0.020872,8211800000000000.0,0.039661,0.99988,90.0
37900.0,1.987,0.021072,8328700000000000.0,0.039431,0.99988,90.0
38000.0,2.0146,0.021277,8444500000000000.0,0.039203,0.99988,90.0
38100.0,2.042,0.021488,8559400000000000.0,0.038977,0.99988,90.0
38200.0,2.0692,0.021703,8673200000000000.0,0.038754,0.99987,90.0
38300.0,2.0961,0.021923,8786000000000000.0,0.038534,0.99987,90.0
38400.0,2.1201,0.022129,8886800000000000.0,0.03832,0.99987,90.0
38500.0,2.1436,0.022334,8985100000000000.0,0.03811,0.99987,90.0
38600.0,2.1668,0.02254,9082200000000000.0,0.037901,0.99987,90.0
38700.0,2.1897,0.022749,9178200000000000.0,0.037695,0.99987,90.0
38800.0,2.2123,0.022959,9273100000000000.0,0.037491,0.99987,90.0
38900.0,2.2347,0.02317,9366900000000000.0,0.037289,0.99987,90.0
39000.0,2.2568,0.023383,9459500000000000.0,0.037089,0.99986,90.0
39100.0,2.2795,0.023603,9554700000000000.0,0.03689,0.99986,90.0
39200.0,2.303,0.023832,9653300000000000.0,0.03669,0.99986,90.0
39300.0,2.3265,0.024063,9751600000000000.0,0.036491,0.99986,90.0
39400.0,2.3499,0.024297,9849700000000000.0,0.036295,0.99986,90.0
39500.0,2.3732,0.024533,9947500000000000.0,0.0361,0.99986,90.0
39600.0,2.3965,0.024772,1.0045e+16,0.035906,0.99986,90.0
39700.0,2.4197,0.025013,1.0142e+16,0.035714,0.99986,90.0
39800.0,2.4428,0.025256,1.0239e+16,0.035523,0.99986,90.0
39900.0,2.4649,0.025493,1.0332e+16,0.035336,0.99985,90.0
40000.0,2.487,0.025731,1.0425e+16,0.03515,0.99985,90.0
40100.0,2.5091,0.025972,1.0517e+16,0.034965,0.99985,90.0
40200.0,2.5311,0.026215,1.0609e+16,0.034782,0.99985,90.0
40300.0,2.5531,0.02646,1.0702e+16,0.0346,0.99985,90.0
40400.0,2.5751,0.026708,1.0794e+16,0.034419,0.99985,90.0
40500.0,2.597,0.026957,1.0886e+16,0.034239,0.99985,90.0
40600.0,2.6191,0.02721,1.0978e+16,0.034061,0.99984,90.0
40700.0,2.6418,0.02747,1.1073e+16,0.033882,0.99984,90.0
40800.0,2.6645,0.027733,1.1168e+16,0.033705,0.99984,90.0
40900.0,2.6872,0.028,1.1264e+16,0.033529,0.99984,90.0
41000.0,2.7101,0.028271,1.136e+16,0.033354,0.99984,90.0
41100.0,2.733,0.028544,1.1456e+16,0.03318,0.99984,90.0
41200.0,2.756,0.028822,1.1552e+16,0.033006,0.99984,90.0
41300.0,2.7791,0.029103,1.1649e+16,0.032835,0.99983,90.0
41400.0,2.8017,0.029377,1.1744e+16,0.032664,0.99983,90.0
41500.0,2.8239,0.029648,1.1837e+16,0.032494,0.99983,90.0
41600.0,2.8465,0.029927,1.1931e+16,0.032326,0.99983,90.0
41700.0,2.8693,0.030216,1.2027e+16,0.032159,0.99983,90.0
41800.0,2.8925,0.030514,1.2124e+16,0.031993,0.99983,90.0
41900.0,2.9159,0.030821,1.2223e+16,0.031828,0.99982,90.0
42000.0,2.9397,0.031137,1.2322e+16,0.031664,0.99982,90.0
42100.0,2.9638,0.031462,1.2423e+16,0.031501,0.99982,90.0
42200.0,2.9883,0.031791,1.2526e+16,0.031337,0.99982,90.0
42300.0,3.0137,0.032135,1.2632e+16,0.031173,0.99982,90.0
42400.0,3.0398,0.032502,1.2742e+16,0.031011,0.99982,90.0
42500.0,3.0665,0.032891,1.2854e+16,0.03085,0.99981,90.0
42600.0,3.0938,0.033302,1.2968e+16,0.030692,0.99981,90.0
42700.0,3.1217,0.033735,1.3085e+16,0.030534,0.99981,90.0
42800.0,3.1501,0.03419,1.3204e+16,0.030379,0.99981,90.0
42900.0,3.1792,0.034668,1.3326e+16,0.030224,0.9998,90.0
43000.0,3.2109,0.035217,1.3459e+16,0.030072,0.9998,90.0
43100.0,3.2458,0.035863,1.3605e+16,0.029921,0.9998,90.0
43200.0,3.28,0.036511,1.3749e+16,0.029773,0.99979,90.0
43300.0,3.3133,0.037162,1.3888e+16,0.029628,0.99979,90.0
43400.0,3.3458,0.037814,1.4024e+16,0.029486,0.99978,90.0
43500.0,3.3774,0.038468,1.4157e+16,0.029347,0.99978,90.0
43600.0,3.4081,0.039122,1.4286e+16,0.02921,0.99978,90.0
43700.0,3.4379,0.039778,1.4411e+16,0.029077,0.99977,90.0
43800.0,3.4659,0.040416,1.4528e+16,0.028947,0.99977,90.0
43900.0,3.4828,0.040844,1.4598e+16,0.02883,0.99976,90.0
44000.0,3.4991,0.041276,1.4667e+16,0.028715,0.99976,90.0
44100.0,3.5151,0.041711,1.4734e+16,0.028602,0.99976,90.0
44200.0,3.5305,0.04215,1.4799e+16,0.028491,0.99976,90.0
44300.0,3.5455,0.042591,1.4861e+16,0.028382,0.99975,90.0
44400.0,3.56,0.043035,1.4922e+16,0.028275,0.99975,90.0
44500.0,3.574,0.043482,1.4981e+16,0.028171,0.99974,90.0
44600.0,3.5875,0.043931,1.5037e+16,0.028068,0.99974,90.0
44700.0,3.6079,0.044479,1.5123e+16,0.027952,0.99974,90.0
44800.0,3.6319,0.045101,1.5224e+16,0.027831,0.99973,90.0
44900.0,3.6552,0.045744,1.5321e+16,0.027715,0.99973,90.0
45000.0,3.6777,0.046408,1.5416e+16,0.027603,0.99972,90.0
45100.0,3.6994,0.047091,1.5506e+16,0.027496,0.99972,90.0
45200.0,3.7201,0.047793,1.5593e+16,0.027394,0.99971,90.0
45300.0,3.7399,0.048515,1.5676e+16,0.027296,0.99971,90.0
45400.0,3.7587,0.049255,1.5755e+16,0.027202,0.9997,90.0
45500.0,3.7766,0.05002,1.583e+16,0.027113,0.99969,90.0
45600.0,3.796,0.051005,1.5911e+16,0.027041,0.99968,90.0
45700.0,3.8103,0.051935,1.5971e+16,0.026979,0.99968,90.0
45800.0,3.8198,0.052808,1.6011e+16,0.026927,0.99967,90.0
45900.0,3.8243,0.053626,1.603e+16,0.026886,0.99966,90.0
46000.0,3.8241,0.054388,1.6029e+16,0.026856,0.99965,90.0
46100.0,3.8191,0.055095,1.6008e+16,0.026837,0.99964,90.0
46200.0,3.8096,0.055749,1.5968e+16,0.026829,0.99963,90.0
46300.0,3.7956,0.056349,1.591e+16,0.026832,0.99962,90.0
46400.0,3.7732,0.05685,1.5816e+16,0.026858,0.99961,90.0
46500.0,3.7343,0.057118,1.5653e+16,0.026925,0.9996,90.0
46600.0,3.6921,0.057285,1.5476e+16,0.026997,0.9996,90.0
46700.0,3.6466,0.057355,1.5285e+16,0.027075,0.99959,90.0
46800.0,3.5982,0.057332,1.5082e+16,0.027157,0.99958,90.0
46900.0,3.5469,0.057221,1.4867e+16,0.027245,0.99957,90.0
47000.0,3.4929,0.057027,1.4641e+16,0.027338,0.99957,90.0
47100.0,3.4363,0.056753,1.4404e+16,0.027435,0.99956,90.0
47200.0,3.3774,0.056406,1.4157e+16,0.027536,0.99956,90.0
47300.0,3.3153,0.055888,1.3896e+16,0.027635,0.99955,90.0
47400.0,3.2512,0.055106,1.3628e+16,0.027715,0.99956,90.0
47500.0,3.1888,0.054308,1.3366e+16,0.027786,0.99956,90.0
47600.0,3.1278,0.053493,1.311e+16,0.027849,0.99956,90.0
47700.0,3.0681,0.05266,1.286e+16,0.027903,0.99956,90.0
47800.0,3.0097,0.051809,1.2616e+16,0.027948,0.99956,90.0
47900.0,2.9526,0.050938,1.2376e+16,0.027984,0.99957,90.0
48000.0,2.8965,0.050048,1.2141e+16,0.028011,0.99957,90.0
48100.0,2.8415,0.049138,1.191e+16,0.028029,0.99958,90.0
48200.0,2.7894,0.048228,1.1692e+16,0.028032,0.99958,90.0
48300.0,2.7476,0.047412,1.1517e+16,0.028003,0.99959,90.0
48400.0,2.7082,0.046627,1.1352e+16,0.027967,0.99959,90.0
48500.0,2.6711,0.045871,1.1196e+16,0.027923,0.9996,90.0
48600.0,2.6363,0.045141,1.105e+16,0.027873,0.9996,90.0
48700.0,2.6038,0.044435,1.0914e+16,0.027815,0.99961,90.0
48800.0,2.5735,0.043753,1.0787e+16,0.02775,0.99961,90.0
48900.0,2.5455,0.043092,1.067e+16,0.027679,0.99962,90.0
49000.0,2.5195,0.042451,1.0561e+16,0.027601,0.99963,90.0
49100.0,2.4958,0.041829,1.0461e+16,0.027516,0.99963,90.0
49200.0,2.4768,0.041328,1.0382e+16,0.027431,0.99964,90.0
49300.0,2.4593,0.040863,1.0308e+16,0.027345,0.99964,90.0
49400.0,2.4426,0.040421,1.0239e+16,0.027259,0.99964,90.0
49500.0,2.427,0.040002,1.0173e+16,0.027173,0.99965,90.0
49600.0,2.4123,0.039605,1.0111e+16,0.027087,0.99965,90.0
49700.0,2.3985,0.039228,1.0053e+16,0.027001,0.99965,90.0
49800.0,2.3856,0.038872,9999600000000000.0,0.026914,0.99965,90.0
49900.0,2.3737,0.038537,9949500000000000.0,0.026827,0.99966,90.0
50000.0,2.3627,0.03822,9903300000000000.0,0.02674,0.99966,90.0
