Wavelength (microns),Irradiance (Watts/m^2/micron)
0.1995,54979.99999999999
0.2005,70340.0
0.2015,71760.0
0.2025,78750.0
0.2035,87040.0
0.2045,94670.0
0.2055,95560.0
0.2065,101800.0
0.2075,114700.0
0.2085,145600.0
0.2095,242400.0
0.2105,275100.00000000006
0.2115,338600.0
0.2125,301500.0
0.2135,318699.99999999994
0.2145,409600.00000000006
0.2155,369100.00000000006
0.2165,341700.0
0.2175,361100.00000000006
0.2185,449400.0
0.2195,476200.0
0.2205,481300.0
0.2215,393100.00000000006
0.2225,506400.0
0.2235,658499.9999999999
0.2245,578700.0
0.2255,539200.0
0.2265,409800.0
0.2275,408899.99999999994
0.2285,539900.0
0.2295,477900.0
0.2305,562800.0
0.2315,499500.0
0.2325,548600.0
0.2335,458700.0
0.2345,393300.00000000006
0.2355,569400.0
0.2365,492300.00000000006
0.2375,532799.9999999999
0.2385,419200.0
0.2395,464600.0
0.2405,430500.0
0.2415,524800.0
0.2425,724699.9999999999
0.2435,654100.0
0.2445,623900.0
0.2455,511400.0
0.2465,515000.0
0.2475,571400.0
0.2485,451800.0
0.2495,584300.0
0.2505,592300.0
0.2515,466100.00000000006
0.2525,439899.99999999994
0.2535,554800.0
0.2545,607900.0
0.2555,885000.0
0.2565,1067000.0
0.2575,1294000.0000000002
0.2585,1343000.0
0.2595,1078000.0
0.2605,1019999.9999999999
0.2615,1032000.0
0.2625,1209000.0
0.2635,1754000.0
0.2645,2737000.0
0.2655,2802000.0
0.2665,2605000.0
0.2675,2698999.9999999995
0.2685,2600000.0
0.2695,2524000.0
0.2705,2933000.0
0.2715,2323000.0
0.2725,2147000.0
0.2735,2038000.0
0.2745,1373000.0
0.2755,2002000.0
0.2765,2583000.0000000005
0.2775,2402000.0
0.2785,1659000.0
0.2795,894200.0
0.2805,1124000.0
0.2815,2311000.0
0.2825,3068000.0
0.2835,3295000.0
0.2845,2440000.0
0.2855,1409999.9999999998
0.2865,3199000.0
0.2875,3711999.9999999995
0.2885,3066000.0000000005
0.2895,4556000.0
0.2905,6227000.0
0.2915,6002000.000000001
0.2925,5452000.0
0.2935,5454000.0
0.2945,5092000.0
0.2955,5484000.0
0.2965,4924000.0
0.2975,5314000.0
0.2985,4127000.0
0.2995,4848000.0
0.3005,4026000.0
0.3015,4454000.0
0.3025,4839000.0
0.3035,6307000.0
0.3045,6103999.999999999
0.3055,5798000.0
0.3065,5752999.999999999
0.3075,6450000.0
0.3085,6133999.999999999
0.3095,4839000.0
0.31,4946000.0
0.31040000000000006,5070000.0
0.3108,5881000.000000001
0.3112,7069000.0
0.31160000000000004,7475000.000000001
0.312,7070000.000000001
0.31240000000000007,6439000.0
0.3128,6627999.999999999
0.3132,7101000.000000001
0.31360000000000005,6912999.999999999
0.314,6895000.0
0.31440000000000007,7216000.0
0.3148,6726000.0
0.3152,6952999.999999999
0.31560000000000005,7652000.0
0.316,6747000.000000001
0.31640000000000007,5691000.000000001
0.3168,6229000.0
0.3172,7486000.0
0.31760000000000005,8298000.0
0.318,8129000.0
0.31840000000000007,6732000.0
0.3187999999999999,6421000.0
0.3192,7677999.999999999
0.3196,7594000.0
0.32,7122000.000000001
0.3204000000000001,7784000.0
0.3207999999999999,8437000.0
0.3212,8466000.0
0.3216,7362000.000000001
0.322,6947000.000000001
0.3224000000000001,7732000.0
0.3227999999999999,7581000.0
0.3232,6457000.000000001
0.3236,6032000.000000001
0.324,6042000.000000001
0.3244000000000001,6185000.000000001
0.3247999999999999,6545000.0
0.3252,6459999.999999999
0.3256,6820000.000000001
0.326,8524000.0
0.3264000000000001,10490000.000000002
0.3267999999999999,11110000.0
0.3272,11079999.999999998
0.3276,10500000.0
0.328,9645000.0
0.3284000000000001,9144000.0
0.32879999999999987,9126000.0
0.3292,9515000.0
0.3296,10430000.0
0.33,11440000.000000002
0.3304000000000001,11370000.0
0.3305,10060000.0
0.3315,9676000.0
0.3325,9207000.0
0.3335,9047000.0
0.3345,9397000.0
0.3355,9816000.0
0.3365,7649000.0
0.3375,8657999.999999998
0.3385,9157000.0
0.3395,9367000.0
0.3405,9916000.0
0.3415,9357000.0
0.3425,9946000.0
0.3435,9846000.0
0.3445,7190000.000000001
0.3455,9666000.0
0.3465,9187000.0
0.3475,9017000.0
0.3485,9477000.0
0.3495,8647999.999999998
0.3505,11190000.0
0.3515,9926000.0
0.3525,8708000.0
0.3535,11150000.0
0.3545,11330000.0
0.3555,10580000.0
0.3565,9377000.0
0.3575,8908000.0
0.3585,6271000.0
0.3595,11359999.999999998
0.3605,9786000.0
0.3615,8937000.0
0.3625,11750000.0
0.3635,9577000.0
0.3645,10149999.999999998
0.3655,12629999.999999998
0.3665,12490000.000000002
0.3675,12140000.0
0.3685,10880000.0
0.3695,13310000.0
0.3705,10750000.0
0.3715,13070000.0
0.3725,10650000.0
0.3735,8378000.0
0.3745,8778000.0
0.3755,11410000.0
0.3765,11010000.0
0.3775,12910000.0
0.3785,13410000.0
0.3795,9996000.0
0.3805,12890000.000000002
0.3815,10959999.999999998
0.3825,7330000.0
0.3835,6840000.000000001
0.3845,10270000.000000002
0.3855,9537000.0
0.3865,10710000.0
0.3875,9656000.0
0.3885,9117000.0
0.3895,12270000.0
0.3905,12229999.999999998
0.3915,13980000.000000002
0.3925,9547000.0
0.3935,4893000.0
0.3945,11010000.0
0.3955,13780000.000000002
0.3965,6501000.0
0.3975,10400000.0
0.3985,15380000.0
0.3995,16550000.0
0.4005,16490000.0
0.4015,17960000.0
0.4025,18030000.0
0.4035,16580000.000000002
0.4045,16019999.999999998
0.4055,16720000.0
0.4065,16240000.000000002
0.4075,15450000.0
0.4085,18240000.0
0.4095,17060000.0
0.4105,15019999.999999998
0.4115,18190000.0
0.4125,17910000.0
0.4135,17580000.0
0.4145,17390000.0
0.4155,17360000.0
0.4165,18440000.0
0.4175,16669999.999999998
0.4185,16860000.0
0.4195,17030000.0
0.4205,17600000.0
0.4215,17990000.0
0.4225,15840000.0
0.4235,17130000.0
0.4245,17700000.0
0.4255,16970000.0
0.4265,17000000.0
0.4275,15710000.0
0.4285,15890000.0
0.4295,14769999.999999998
0.4305,11359999.999999998
0.4315,16880000.0
0.4325,16480000.000000002
0.4335,17330000.0
0.4345,16720000.0
0.4355,17250000.0
0.4365,19310000.0
0.4375,18080000.0
0.4385,15690000.0
0.4395,18270000.0
0.4405,17150000.0
0.4415,19330000.0
0.4425,19820000.0
0.4435,19110000.0
0.4445,19750000.0
0.4455,18230000.0
0.4465,18930000.0
0.4475,20790000.0
0.4485,19750000.0
0.4495,20290000.0
0.4505,21460000.0
0.4515,21109999.999999996
0.4525,19430000.0
0.4535,19720000.0
0.4545,19810000.0
0.4555,20360000.0
0.4565,20790000.0
0.4575,21020000.0
0.4585,19730000.0
0.4595,20110000.0
0.4605,20420000.0
0.4615,20570000.0
0.4625,21060000.0
0.4635,20420000.0
0.4645,19780000.000000004
0.4655,20440000.0
0.4665,19230000.0
0.4675,20170000.0
0.4685,19960000.0
0.4695,19920000.0
0.4705,18790000.0
0.4715,20200000.0
0.4725,20430000.0
0.4735,19930000.0
0.4745,20530000.0
0.4755,20180000.000000004
0.4765,19580000.0
0.4775,20770000.0
0.4785,20110000.0
0.4795,20780000.000000004
0.4805,20370000.0
0.4815,20920000.0
0.4825,20250000.0
0.4835,20210000.0
0.4845,19710000.0
0.4855,18320000.0
0.4865,16269999.999999998
0.4875,18320000.0
0.4885,19160000.0
0.4895,19620000.0
0.4905,20090000.0
0.4915,18980000.0
0.4925,18980000.0
0.4935,18900000.0
0.4945,20600000.0
0.4955,19280000.0
0.4965,20190000.0
0.4975,20200000.0
0.4985,18680000.0
0.4995,19720000.0
0.5005,18590000.0
0.5015,18140000.0
0.5025,18960000.0
0.5035,19360000.0
0.5045,18710000.0
0.5055,19950000.0
0.5065,19630000.0
0.5075,19080000.0
0.5085,19210000.0
0.5095,19180000.0
0.5105,19490000.0
0.5115,19990000.0
0.5125,18690000.0
0.5135,18630000.000000004
0.5145,18760000.0
0.5155,19020000.0
0.5165,16710000.0
0.5175,17280000.000000004
0.5185,16560000.0
0.5195,18300000.0
0.5205,18330000.0
0.5215,19080000.0
0.5225,18250000.0
0.5235,18960000.0
0.5245,19600000.0
0.5255,19320000.0
0.5265,16760000.0
0.5275,18300000.0
0.5285,18990000.0
0.5295,19200000.0
0.5305,19540000.0
0.5315,19650000.0
0.5325,17730000.0
0.5335,19250000.0
0.5345,18600000.0
0.5355,19920000.0
0.5365,18730000.000000004
0.5375,18840000.0
0.5385,19060000.0
0.5395,18340000.0
0.5405,17719999.999999996
0.5415,18830000.0
0.5425,18270000.0
0.5435,18810000.0
0.5445,18810000.0
0.5455,19030000.0
0.5465,18810000.0
0.5475,18350000.0
0.5485,18650000.0
0.5495,18969999.999999996
0.5505,18640000.0
0.5515,18730000.000000004
0.5525,18480000.0
0.5535,18840000.0
0.5545,19000000.0
0.5555,18990000.0
0.5565,18230000.0
0.5575,18480000.0
0.5585,17890000.0
0.5595,18100000.0
0.5605,18450000.0
0.5615,18260000.0
0.5625,18520000.0
0.5635,18630000.000000004
0.5645,18560000.0
0.5655,18000000.0
0.5665,18310000.0
0.5675,18890000.0
0.5685,18120000.0
0.5695,18620000.0
0.5705,17719999.999999996
0.5715,18250000.0
0.5725,18940000.0
0.5735,18780000.0
0.5745,18690000.0
0.5755,18320000.0
0.5765,18480000.0
0.5775,18590000.0
0.5785,17860000.0
0.5795,18300000.0
0.5805,18400000.0
0.5815,18550000.0
0.5825,18750000.0
0.5835,18590000.0
0.5845,18620000.0
0.5855,17860000.0
0.5865,18320000.0
0.5875,18500000.0
0.5885,17519999.999999996
0.5895,16140000.000000002
0.5905,18150000.0
0.5915,17890000.0
0.5925,18100000.0
0.5935,17980000.0
0.5945,17760000.0
0.5955,17850000.0
0.5965,18070000.0
0.5975,17830000.0
0.5985,17600000.0
0.5995,17770000.0
0.6005,17480000.000000004
0.6015,17530000.0
0.6025,17210000.0
0.6035,17890000.0
0.6045,17790000.0
0.6055,17660000.0
0.6065,17619999.999999996
0.6075,17600000.0
0.6085,17450000.0
0.6095,17460000.0
0.6105,17050000.0
0.6115,17480000.000000004
0.6125,17070000.0
0.6135,16850000.0
0.6145,17150000.0
0.6155,17150000.0
0.6165,16110000.0
0.6175,17090000.0
0.6185,17260000.0
0.6195,17090000.0
0.6205,17360000.0
0.6215,16920000.0
0.6225,17150000.0
0.6235,16680000.000000002
0.6245,16580000.000000002
0.6255,16340000.000000002
0.6265,16990000.0
0.6275,16990000.0
0.6285,16990000.0
0.6295,16790000.0
0.631,16410000.0
0.633,16530000.0
0.635,16580000.000000002
0.637,16560000.0
0.639,16530000.0
0.641,16159999.999999998
0.643,16230000.000000002
0.645,16290000.0
0.647,16050000.0
0.649,15600000.0
0.651,16080000.000000002
0.653,16010000.0
0.655,15340000.0
0.657,13859999.999999998
0.659,15510000.0
0.661,15730000.000000002
0.663,15570000.0
0.665,15619999.999999998
0.667,15370000.0
0.669,15480000.0
0.671,15180000.0
0.673,15230000.000000002
0.675,15119999.999999998
0.677,15100000.0
0.679,15000000.0
0.681,14940000.0
0.683,14809999.999999998
0.685,14569999.999999998
0.687,14690000.0
0.689,14630000.0
0.691,14500000.0
0.693,14500000.0
0.695,14380000.000000002
0.697,14180000.000000002
0.699,14269999.999999998
0.701,13880000.000000002
0.703,13899999.999999998
0.705,14169999.999999998
0.707,14020000.0
0.709,13859999.999999998
0.711,13869999.999999998
0.713,13750000.0
0.715,13680000.000000002
0.717,13550000.0
0.719,13290000.0
0.721,13319999.999999998
0.723,13490000.0
0.725,13510000.0
0.727,13470000.0
0.729,13200000.0
0.731,13270000.0
0.733,13190000.0
0.735,13100000.0
0.737,13080000.0
0.739,12790000.000000002
0.741,12590000.000000002
0.743,12870000.0
0.745,12800000.0
0.747,12840000.0
0.749,12710000.0
0.751,12629999.999999998
0.753,12600000.0
0.755,12560000.0
0.757,12490000.000000002
0.759,12409999.999999998
0.761,12380000.0
0.763,12420000.0
0.765,12220000.0
0.767,11860000.0
0.769,12040000.0
0.771,12050000.0
0.773,12090000.0
0.775,11890000.0
0.777,11970000.0
0.779,11880000.0
0.781,11880000.0
0.783,11770000.0
0.785,11810000.0
0.787,11780000.0
0.789,11750000.0
0.791,11590000.0
0.793,11440000.000000002
0.795,11350000.0
0.797,11530000.0
0.799,11359999.999999998
0.801,11430000.0
0.803,11299999.999999998
0.805,11159999.999999998
0.807,11210000.0
0.809,10959999.999999998
0.811,11150000.0
0.813,11159999.999999998
0.815,11079999.999999998
0.817,11050000.0
0.819,10650000.0
0.821,10810000.0
0.823,10740000.0
0.825,10759999.999999998
0.827,10770000.0
0.829,10730000.0
0.831,10690000.0
0.833,10340000.0
0.835,10530000.0
0.837,10520000.0
0.839,10420000.0
0.841,10450000.0
0.843,10280000.0
0.845,10330000.0
0.847,10250000.0
0.849,9706000.0
0.851,10029999.999999998
0.853,9726000.0
0.855,8768000.0
0.857,10109999.999999998
0.859,9966000.0
0.861,9966000.0
0.863,9986000.0
0.865,9696000.0
0.867,8798000.0
0.869,9666000.0
0.871,9861000.0
0.873,9784000.0
0.875,9814000.0
0.877,9835000.0
0.879,9591000.0
0.881,9605000.0
0.883,9484000.0
0.885,9629000.0
0.887,9474000.0
0.889,9490000.0
0.891,9441000.0
0.893,9338000.0
0.895,9355000.0
0.897,9390000.0
0.899,9118000.0
0.901,9048000.0
0.903,9049000.0
0.905,8927000.0
0.907,8906000.0
0.909,8613000.0
0.911,8703000.0
0.913,8763000.0
0.915,8662000.0
0.917,8591000.0
0.919,8580000.0
0.921,8302000.000000001
0.923,8212999.999999999
0.925,8252999.999999999
0.927,8284000.0
0.929,8325000.0
0.931,8258000.0
0.933,8320000.000000001
0.935,8177000.000000001
0.937,8016000.0
0.939,8079999.999999999
0.941,8000000.0
0.943,7842000.0
0.945,7988000.0
0.947,7929999.999999999
0.949,7767999.999999999
0.951,7782000.0
0.953,7709999.999999999
0.955,7600000.0
0.957,7735000.0
0.959,7707000.000000001
0.961,7671000.0
0.963,7666000.000000001
0.965,7643000.0
0.967,7574000.0
0.969,7759999.999999999
0.971,7627000.0
0.973,7642000.0
0.975,7503000.0
0.977,7679000.0
0.979,7682000.0
0.981,7617999.999999999
0.983,7665000.0
0.985,7713000.0
0.987,7557999.999999999
0.989,7666000.000000001
0.991,7636000.000000001
0.993,7546000.000000001
0.995,7563000.0
0.997,7430000.0
0.999,7433999.999999999
1.0025,7450000.0
1.0075,7367999.999999999
1.0125,7336000.0
1.0175,7209000.0
1.0225,7035000.0
1.0275,7078000.0
1.0325,6881000.0
1.0375,6916000.0
1.0425,6809999.999999999
1.0475,6848000.0
1.0525,6607000.000000001
1.0575,6496000.000000001
1.0625,6419000.0
1.0675,6429000.0
1.0725,6380000.0
1.0775,6303000.0
1.0825,6205000.000000001
1.0875,6137000.0
1.0925,6117999.999999999
1.0975,5990000.0
1.1025,6082000.000000001
1.1075,6012999.999999999
1.1125,6025000.0
1.1175,5887000.0
1.1225,5788000.0
1.1275,5689999.999999999
1.1325,5661000.000000001
1.1375,5632999.999999999
1.1425,5574000.0
1.1475,5556000.0
1.1525,5447000.000000001
1.1575,5538999.999999999
1.1625,5400000.0
1.1675,5301000.0
1.1725,5333000.0
1.1775,5254000.0
1.1825,5145000.0
1.1875,5117000.0
1.1925,5113000.0
1.1975,5018000.0
1.2025,4963000.0
1.2075,4939000.0
1.2125,4894000.0
1.2175,5001000.0
1.2225,4814000.0
1.2275,4809000.0
1.2325,4835000.0
1.2375,4772000.0
1.2425,4771000.0
1.2475,4655000.0
1.2525,4737000.0
1.2575,4634000.0
1.2625,4438000.0
1.2675,4376000.0
1.2725,4386000.000000001
1.2775,4529000.0
1.2825,4354000.0
1.2875,4374000.0
1.2925,4425000.0
1.2975,4383000.0
1.3025,4381000.0
1.3075,4286000.0
1.3125,4190000.0
1.3175,4156000.0000000005
1.3225,4164000.0
1.3275,4110000.0000000005
1.3325,4045000.0000000005
1.3375,4001000.0
1.3425,3978000.0
1.3475,3945000.0
1.3525,3870000.0
1.3575,3817000.0
1.3625,3783000.0000000005
1.3675,3699000.0
1.3725,3686000.0
1.3775,3684000.0
1.3825,3640000.0
1.3875,3638000.0
1.3925,3584000.0
1.3975,3572000.0
1.4025,3528000.0
1.4075,3496000.0
1.4125,3463000.0
1.4175,3439999.9999999995
1.4225,3427000.0
1.4275,3474999.9999999995
1.4325,3372000.0
1.4375,3309000.0000000005
1.4425,3266000.0
1.4475,3184000.0
1.4525,3231000.0
1.4575,3068999.9999999995
1.4625,3166000.0000000005
1.4675,3113999.9999999995
1.4725,3111999.9999999995
1.4775,3068999.9999999995
1.4825,3027000.0000000005
1.4875,2985000.0
1.4925,3033000.0
1.4975,3000000.0
1.5025,2958000.0
1.5075,2946000.0000000005
1.5125,2904000.0
1.5175,2902000.0
1.5225,2860000.0000000005
1.5275,2897000.0
1.5325,2816000.0
1.5375,2745000.0
1.5425,2752000.0
1.5475,2739999.9999999995
1.5525,2728000.0
1.5575,2716000.0
1.5625,2695000.0
1.5675,2633000.0000000005
1.5725,2602000.0
1.5775,2590000.0
1.5825,2549000.0
1.5875,2517000.0
1.5925,2456000.0
1.5975,2464000.0
1.6025,2473000.0
1.6075,2424000.0
1.6125,2444000.0
1.6175,2434000.0
1.6225,2404000.0
1.6275,2443000.0
1.6325,2414000.0
1.6375,2375000.0
1.6425,2336000.0
1.6475,2345000.0
1.6525,2335000.0
1.6575,2335000.0
1.6625,2326000.0
1.6675,2286000.0
1.6725,2276000.0
1.6775,2198000.0
1.6825,2208000.0
1.6875,2188000.0
1.6925,2188000.0
1.6975,2139000.0
1.7025,2168000.0
1.7075,2119000.0
1.7125,2031000.0
1.7175,2119000.0
1.7225,2049999.9999999998
1.7275,1962000.0000000002
1.7325,1903000.0
1.7375,1893000.0
1.7425,1913000.0
1.7475,1854000.0
1.7525,1874000.0
1.7575,1893000.0
1.7625,1844000.0
1.7675,1825000.0
1.7725,1766000.0
1.7775,1726000.0
1.7825,1707000.0
1.7875,1697000.0
1.7925,1687000.0
1.7975,1726000.0
1.8025,1687000.0
1.8075,1676999.9999999998
1.8125,1598999.9999999998
1.8175,1598999.9999999998
1.8225,1589000.0000000002
1.8275,1559000.0
1.8325,1559000.0
1.8375,1500000.0
1.8425,1530000.0
1.8475,1510000.0
1.8525,1480999.9999999998
1.8575,1451000.0
1.8625,1432000.0
1.8675,1432000.0
1.8725,1353000.0
1.8775,1353000.0
1.8825,1402000.0
1.8875,1383000.0
1.8925,1373000.0
1.8975,1383000.0
1.9025,1334000.0000000002
1.9075,1363000.0
1.9125,1383000.0
1.9175,1363000.0
1.9225,1343000.0
1.9275,1324000.0000000002
1.9325,1324000.0000000002
1.9375,1314000.0000000002
1.9425,1294000.0000000002
1.9475,1275000.0
1.9525,1265000.0
1.9575,1216000.0
1.9625,1255000.0
1.9675,1255000.0
1.9725,1245000.0
1.9775,1294000.0000000002
1.9825,1245000.0
1.9875,1225000.0
1.9925,1206000.0
1.9975,1225000.0
2.0025,1157000.0
2.0075,1098000.0
2.0125,1137000.0
2.0175,1118000.0
2.0225,1127000.0
2.0275,1127000.0
2.0325,1098000.0
2.0375,1068000.0
2.0425,1068000.0
2.0475,1078000.0
2.0525,1039000.0000000001
2.0575,1019000.0
2.0625,999800.0
2.0675,950800.0
2.0725,989900.0
2.0775,1009999.9999999999
2.0825,970299.9999999999
2.0875,960600.0000000001
2.0925,980000.0
2.0975,911400.0
2.1025,931000.0
2.1075,931000.0
2.1125,872300.0
2.1175,901600.0
2.1225,872199.9999999999
2.1275,872199.9999999999
2.1325,872199.9999999999
2.1375,852500.0000000001
2.1425,901499.9999999999
2.1475,823000.0
2.1525,813300.0
2.1575,793700.0000000001
2.1625,822900.0
2.1675,803600.0
2.1725,822900.0
2.1775,774000.0000000001
2.1825,754399.9999999999
2.1875,676100.0
2.1925,725000.0
2.1975,734799.9999999999
2.2025,822799.9999999999
2.2075,754399.9999999999
2.2125,754399.9999999999
2.2175,725000.0
2.2225,773900.0
2.2275,754399.9999999999
2.2325,754300.0000000001
2.2375,646600.0000000001
2.2425,597600.0
2.2475,715200.0
2.2525,754300.0000000001
2.2575,754300.0000000001
2.2625,705300.0
2.2675,715100.0
2.2725,646500.0
2.2775,636600.0000000001
2.2825,685600.0
2.2875,656299.9999999999
2.2925,656299.9999999999
2.2975,646400.0
2.3025,656299.9999999999
2.3075,626800.0
2.3125,617000.0000000001
2.3175,577900.0
2.3225,528900.0
2.3275,548500.0
2.3325,548500.0
2.3375,587600.0
2.3425,577800.0
2.3475,597400.0
2.3525,607100.0
2.3575,626700.0
2.3625,646299.9999999999
2.3675,607100.0
2.3725,607100.0
2.3775,568100.0
2.3825,548400.0000000001
2.3875,597300.0
2.3925,587500.0
2.3975,577800.0
2.4025,538500.0
2.4075,548300.0
2.4125,558200.0
2.4175,528800.0
2.4225,568000.0
2.4275,538500.0
2.4325,577700.0
2.4375,538500.0
2.4425,509200.0
2.4475,489500.0
2.4525,499300.0
2.4575,509200.0
2.4625,479700.0
2.4675,528700.0000000001
2.4725,479700.0
2.4775,528700.0000000001
2.4825,499300.0
2.4875,469899.99999999994
2.4925,538400.0000000001
2.4975,460200.00000000006
2.5025,482500.0
2.5075,479000.0
2.5125,475400.0
2.5175,472000.00000000006
2.5225,468600.0
2.5275,465200.00000000006
2.5325,461800.0
2.5375,458500.0
2.5425,455200.00000000006
2.5475,452000.0
2.5525,448700.0
2.5575,445500.0
2.5625,442200.0
2.5675,439000.0
2.5725,435899.99999999994
2.5775,432800.0
2.5825,429700.0
2.5875,426700.0
2.5925,423600.0
2.5975,420699.99999999994
2.6025,417700.0
2.6075,414800.00000000006
2.6125,411900.0
2.6175,409000.0
2.6225,406100.0
2.6275,403200.0
2.6325,400500.0
2.6375,397600.00000000006
2.6425,394800.0
2.6475,392200.0
2.6525,389600.0
2.6575,386800.0
2.6625,384100.0
2.6675,381500.00000000006
2.6725,378900.0
2.6775,376299.99999999994
2.6825,373799.99999999994
2.6875,371200.0
2.6925,368600.00000000006
2.6975,366000.0
2.7025,363600.00000000006
2.7075,361100.00000000006
2.7125,358700.0
2.7175,356300.0
2.7225,354000.0
2.7275,351500.0
2.7325,349100.00000000006
2.7375,346800.0
2.7425,344500.0
2.7475,342200.0
2.7525,339900.0
2.7575,337700.0
2.7625,335400.0
2.7675,333199.99999999994
2.7725,331100.0
2.7775,328800.0
2.7825,326700.00000000006
2.7875,324500.0
2.7925,322400.00000000006
2.7975,320400.0
2.8025,318200.0
2.8075,316200.0
2.8125,314200.00000000006
2.8175,312100.0
2.8225,310000.0
2.8275,308100.0
2.8325,306000.0
2.8375,304000.0
2.8425,302100.0
2.8475,300100.0
2.8525,298100.00000000006
2.8575,296300.0
2.8625,294400.0
2.8675,292400.0
2.8725,290500.0
2.8775,288700.0
2.8825,287000.0
2.8875,285100.0
2.8925,283300.0
2.8975,281400.0
2.9025,279700.0
2.9075,277900.0
2.9125,276200.0
2.9175,274500.0
2.9225,272700.0
2.9275,271000.0
2.9325,269200.00000000006
2.9375,267600.0
2.9425,265900.0
2.9475,264200.0
2.9525,262600.0
2.9575,261000.00000000003
2.9625,259399.99999999997
2.9675,257800.0
2.9725,256200.0
2.9775,254600.0
2.9825,253100.0
2.9875,251500.0
2.9925,250000.0
2.9975,248500.0
3.005,247000.0
3.015,243899.99999999997
3.025,241000.0
3.035,238000.00000000003
3.045,235200.0
3.055,232300.0
3.065,229599.99999999997
3.075,226899.99999999997
3.085,224100.0
3.095,221400.0
3.105,218900.0
3.115,216300.0
3.125,213700.0
3.135,211300.0
3.145,208800.00000000003
3.155,206400.0
3.165,204000.00000000003
3.175,201700.0
3.185,199300.0
3.195,197099.99999999997
3.205,194700.0
3.215,192500.0
3.225,190200.0
3.235,188100.0
3.245,185999.99999999997
3.255,183900.0
3.265,181800.00000000003
3.275,179700.0
3.285,177900.0
3.295,175900.00000000003
3.305,174000.0
3.315,172000.0
3.325,170100.0
3.335,168299.99999999997
3.345,166400.00000000003
3.355,164600.00000000003
3.365,162700.0
3.375,161000.0
3.385,159200.0
3.395,157500.0
3.405,155800.00000000003
3.415,154200.0
3.425,152500.0
3.435,150900.0
3.445,149300.0
3.455,147699.99999999997
3.465,146100.0
3.475,144600.0
3.485,143100.0
3.495,141500.0
3.505,140000.0
3.515,138600.0
3.525,137100.00000000003
3.535,135700.0
3.545,134300.0
3.555,132800.00000000003
3.565,131600.0
3.575,130300.00000000001
3.585,128900.0
3.595,127599.99999999999
3.605,126200.00000000001
3.615,124900.00000000001
3.625,123800.0
3.635,122600.0
3.645,121300.0
3.655,120000.0
3.665,118800.0
3.675,117700.00000000001
3.685,116500.0
3.695,115300.0
3.705,114200.0
3.715,113099.99999999999
3.725,112000.0
3.735,110800.0
3.745,109800.0
3.755,108700.0
3.765,107700.0
3.775,106700.0
3.785,105600.0
3.795,104599.99999999999
3.805,103700.00000000001
3.815,102600.0
3.825,101599.99999999999
3.835,100600.0
3.845,99659.99999999999
3.855,98760.00000000001
3.865,97760.0
3.875,96860.0
3.885,95870.0
3.895,94970.0
3.905,94170.0
3.915,93270.0
3.925,92370.0
3.935,91470.0
3.945,90770.0
3.955,89870.0
3.965,88980.0
3.975,88180.00000000001
3.985,87379.99999999999
3.995,86579.99999999999
4.005,85980.00000000001
4.015,85080.0
4.025000000000001,84079.99999999999
4.035,83279.99999999999
4.045,82379.99999999999
4.055,81590.00000000001
4.065000000000001,80790.00000000001
4.075,79989.99999999999
4.085,79090.00000000001
4.095,78390.0
4.105,77590.0
4.115,76790.00000000001
4.125,75990.0
4.135,75390.0
4.145,74500.0
4.155,73800.0
4.165,73200.0
4.175,72400.00000000001
4.185,71700.0
4.195,70900.00000000001
4.205,70300.0
4.215,69500.0
4.225,68900.0
4.235,68300.0
4.245,67610.0
4.255,67010.0
4.265,66210.0
4.275,65710.0
4.285,65110.0
4.295,64410.0
4.305,63810.00000000001
4.315,63209.99999999999
4.325,62610.0
4.335,62110.00000000001
4.345,61410.0
4.355,60910.0
4.365,60320.0
4.375,59720.00000000001
4.385,59120.0
4.395,58719.99999999999
4.405,58020.00000000001
4.415,57620.0
4.425,57020.00000000001
4.435,56420.0
4.445,55920.0
4.455,55420.0
4.465,54920.0
4.475,54420.0
4.485,54020.00000000001
4.495,53430.0
4.505,52930.0
4.515,52530.0
4.525,51930.0
4.535,51530.00000000001
4.545,51030.0
4.555,50630.00000000001
4.565,50130.0
4.575,49630.00000000001
4.585,49330.0
4.595,48730.00000000001
4.605,48330.00000000001
4.615,48030.0
4.625,47530.0
4.635,47030.00000000001
4.645,46730.0
4.655,46240.00000000001
4.665,45840.00000000001
4.675,45439.99999999999
4.685,45039.99999999999
4.695,44640.0
4.705,44339.99999999999
4.715,43840.00000000001
4.725,43440.00000000001
4.735,43140.0
4.745,42840.00000000001
4.755,42440.00000000001
4.765,42039.99999999999
4.775,41639.99999999999
4.785,41340.00000000001
4.795,40939.99999999999
4.805,40740.00000000001
4.815,40240.0
4.825,39840.00000000001
4.835,39640.0
4.845,39340.0
4.855,38850.0
4.865,38550.0
4.875,38250.0
4.885,37950.0
4.895,37650.0
4.905,37450.00000000001
4.915,37049.99999999999
4.925,36650.0
4.935,36350.0
4.945,36150.0
4.955,35850.0
4.965,35450.00000000001
4.975,35150.0
4.985,34950.0
4.995,34650.0
5.005,34650.0
5.015,34350.0
5.025,33950.00000000001
5.035,33750.0
5.045,33550.0
5.055,33250.0
5.065,33050.0
5.075,32750.0
5.085,32549.999999999996
5.095,32250.0
5.105,31960.0
5.115,31760.0
5.125,31460.0
5.135,31360.000000000004
5.145,31160.000000000004
5.155,30860.000000000004
5.165,30559.999999999996
5.175,30260.0
5.185,30160.0
5.195,29960.0
5.205,29760.000000000004
5.215,29460.000000000004
5.225,29260.000000000004
5.235,28960.0
5.245,28860.0
5.255,28560.0
5.265,28360.0
5.275,28160.0
5.285,27960.0
5.295,27860.0
5.305,27659.999999999996
5.315,27360.0
5.325,27160.0
5.335,26960.0
5.345,26760.0
5.355,26660.0
5.365,26460.0
5.375,26260.000000000004
5.385,26059.999999999996
5.395,25860.000000000004
5.405,25559.999999999996
5.415,25460.0
5.425,25260.0
5.435,25060.0
5.445,24970.0
5.455,24770.0
5.465,24570.0
5.475,24370.0
5.485,24270.0
5.495,24070.0
5.505,23870.000000000004
5.515,23670.0
5.525,23469.999999999996
5.535,23370.0
5.545,23170.0
5.555,23070.0
5.565,22970.0
5.575,22770.0
5.585,22670.000000000004
5.595,22370.000000000004
5.605,22169.999999999996
5.615,22070.000000000004
5.625,21870.0
5.635,21870.0
5.645,21670.0
5.655,21570.0
5.665,21370.0
5.675,21270.0
5.685,21070.000000000004
5.695,20970.0
5.705,20670.000000000004
5.715,20670.000000000004
5.725,20469.999999999996
5.735,20370.000000000004
5.745,20170.0
5.755,20070.0
5.765,19970.0
5.775,19770.0
5.785,19670.0
5.795,19570.0
5.805,19470.0
5.815,19370.0
5.825,19270.0
5.835,18969.999999999996
5.845,18870.0
5.855,18770.0
5.865,18570.0
5.875,18470.0
5.885,18370.0
5.895,18370.0
5.905,18170.000000000004
5.915,18070.0
5.925,17970.0
5.935,17870.0
5.945,17780.0
5.955,17579.999999999996
5.965,17480.0
5.975,17280.0
5.985,17180.0
5.995,17080.0
6.005,17080.0
6.015,16880.0
6.025,16780.0
6.035,16680.0
6.045,16579.999999999996
6.055,16480.0
6.065,16380.0
6.075,16280.000000000002
6.085,16179.999999999998
6.095,16079.999999999998
6.105,15980.0
6.115,15980.0
6.125,15880.0
6.135,15780.0
6.145,15580.0
6.155,15479.999999999998
6.165,15380.0
6.175,15279.999999999998
6.185,15180.0
6.195,15080.0
6.205,14980.0
6.215,14880.000000000002
6.225,14780.0
6.235,14780.0
6.245,14679.999999999998
6.255,14580.000000000002
6.265,14480.0
6.275,14380.0
6.285,14280.0
6.295,14180.0
6.305,14080.0
6.315,14080.0
6.325,13880.000000000002
6.335,13780.000000000002
6.345,13680.0
6.355,13580.0
6.365,13580.0
6.375,13480.0
6.385,13380.0
6.395,13380.0
6.405,13280.0
6.415,13180.000000000002
6.425,13080.0
6.435,12979.999999999998
6.445,12979.999999999998
6.455,12880.0
6.465,12779.999999999998
6.475,12680.0
6.485,12580.0
6.495,12580.0
6.505,12480.0
6.515,12480.0
6.525,12380.000000000002
6.535,12380.000000000002
6.545,12179.999999999998
6.555,12080.0
6.565,11979.999999999998
6.575,11979.999999999998
6.585,11880.0
6.595,11780.0
6.605,11680.0
6.615,11680.0
6.625,11580.0
6.635,11480.000000000002
6.645,11480.000000000002
6.655,11380.000000000002
6.665,11280.000000000002
6.675,11280.000000000002
6.685,11180.0
6.695,11180.0
6.705,11180.0
6.715,11080.0
6.725,10980.0
6.735,10980.0
6.745,10880.0
6.755,10780.0
6.765,10780.0
6.775,10690.0
6.785,10590.0
6.795,10590.0
6.805,10390.0
6.815,10390.0
6.825,10290.0
6.835,10190.0
6.845,10190.0
6.855,10090.0
6.865,10090.0
6.875,9986.000000000002
6.885,9986.000000000002
6.895,9986.000000000002
6.905,9886.0
6.915,9886.0
6.925,9786.0
6.935,9786.0
6.945,9686.0
6.955,9587.0
6.965,9587.0
6.975,9487.0
6.985,9487.0
6.995,9387.0
7.0,9387.018699999999
8.0,5633.1724
9.0,3581.1434000000004
10.0,2383.7665
11.0,1647.4188000000001
12.0,1174.6131
13.0,859.86122
14.0,643.80232
15.0,491.52848000000006
16.0,381.72231
17.0,300.93320000000006
18.0,240.42800000000003
19.0,194.39159
20.0,158.86396
21.0,131.09372
22.0,109.13437
23.0,91.586071
24.0,77.42707300000001
25.0,65.901363
26.0,56.44254599999999
27.0,48.621390999999996
28.0,42.109149
29.0,36.651548
30.0,32.05012
31.0,28.148635000000002
32.0,24.823130000000003
33.0,21.974519
34.0,19.52304
35.0,17.404072000000003
36.0,15.564932999999998
37.0,13.96243
38.0,12.560948000000002
39.0,11.330974000000001
40.0,10.247926999999999
41.0,9.2912401
42.0,8.443629099999999
43.0,7.6905051
44.0,7.0195059
45.0,6.4201161
46.0,5.883357700000001
47.0,5.4015391
48.0,4.968048400000001
49.0,4.5771838
50.0,4.224013
51.0,3.9042567999999997
52.0,3.6141925
53.0,3.3505720000000005
54.0,3.1105546000000004
55.0,2.891649
56.0,2.6916658
57.0,2.5086755000000003
58.0,2.3409746
59.0,2.1870554
60.0,2.0455808999999996
61.0,1.9153631000000002
62.0,1.7953439000000004
63.0,1.6845798000000003
64.0,1.5822273999999998
65.0,1.4875315999999998
66.0,1.3998153
67.0,1.3184703
68.0,1.2429491000000001
69.0,1.1727585
70.0,1.1074533000000002
71.0,1.0466311
72.0,0.9899276499999998
73.0,0.9370127099999999
74.0,0.8875865699999999
75.0,0.8413767999999998
76.0,0.7981354799999999
77.0,0.7576367
78.0,0.7196743400000001
79.0,0.68406015
80.0,0.65062198
81.0,0.6192021999999999
82.0,0.58965637
83.0,0.56185195
84.0,0.53566722
85.0,0.51099027
86.0,0.48771809
87.0,0.46575582000000004
88.0,0.44501596
89.0,0.42541777000000003
90.0,0.40688665
91.0,0.38935365
92.0,0.3727549299999999
93.0,0.35703138999999995
94.0,0.34212824000000003
95.0,0.32799463
96.0,0.31458338999999996
97.0,0.30185063999999995
98.0,0.28975562000000005
99.0,0.2782603800000001
100.0,0.26732958
